"지역별","시점","사설학원수"
"서울","2003",11176
"서울","2004",11382
"서울","2005",11603
"서울","2006",11794
"서울","2007",11549
"서울","2008",12006
"서울","2009",12086
"서울","2010",13168
"서울","2011",13477
"서울","2012",13688
"서울","2013",13405
"서울","2014",13671
"서울","2015",13989
"서울","2016",13974
"서울","2017",14189
"서울","2018",14080
"서울","2019",14044
"서울","2020",13992
"서울","2021",13809
"서울","2022",14414
"서울","2023",14832
"부산광역시","2003",4987
"부산광역시","2004",4842
"부산광역시","2005",4661
"부산광역시","2006",4709
"부산광역시","2007",4779
"부산광역시","2008",4751
"부산광역시","2009",4751
"부산광역시","2010",4860
"부산광역시","2011",5026
"부산광역시","2012",4859
"부산광역시","2013",4638
"부산광역시","2014",4529
"부산광역시","2015",4696
"부산광역시","2016",4708
"부산광역시","2017",4748
"부산광역시","2018",4666
"부산광역시","2019",4790
"부산광역시","2020",4938
"부산광역시","2021",5000
"부산광역시","2022",5164
"부산광역시","2023",5400
"대구광역시","2003",2978
"대구광역시","2004",2907
"대구광역시","2005",2908
"대구광역시","2006",3041
"대구광역시","2007",2929
"대구광역시","2008",2978
"대구광역시","2009",3435
"대구광역시","2010",3910
"대구광역시","2011",3746
"대구광역시","2012",3542
"대구광역시","2013",3639
"대구광역시","2014",3651
"대구광역시","2015",3639
"대구광역시","2016",3744
"대구광역시","2017",3815
"대구광역시","2018",3901
"대구광역시","2019",3948
"대구광역시","2020",3941
"대구광역시","2021",3968
"대구광역시","2022",4146
"대구광역시","2023",4354
"인천광역시","2003",2778
"인천광역시","2004",2766
"인천광역시","2005",2678
"인천광역시","2006",2652
"인천광역시","2007",2684
"인천광역시","2008",2879
"인천광역시","2009",2853
"인천광역시","2010",2924
"인천광역시","2011",2831
"인천광역시","2012",3338
"인천광역시","2013",3198
"인천광역시","2014",3167
"인천광역시","2015",3209
"인천광역시","2016",3395
"인천광역시","2017",3585
"인천광역시","2018",3702
"인천광역시","2019",3747
"인천광역시","2020",3904
"인천광역시","2021",3897
"인천광역시","2022",4126
"인천광역시","2023",4421
"광주광역시","2003",2646
"광주광역시","2004",2515
"광주광역시","2005",2667
"광주광역시","2006",2640
"광주광역시","2007",2420
"광주광역시","2008",2760
"광주광역시","2009",2211
"광주광역시","2010",2476
"광주광역시","2011",2281
"광주광역시","2012",2038
"광주광역시","2013",3368
"광주광역시","2014",3497
"광주광역시","2015",3535
"광주광역시","2016",3534
"광주광역시","2017",3556
"광주광역시","2018",3402
"광주광역시","2019",3472
"광주광역시","2020",3439
"광주광역시","2021",3433
"광주광역시","2022",3524
"광주광역시","2023",3488
"대전광역시","2003",1848
"대전광역시","2004",1745
"대전광역시","2005",1928
"대전광역시","2006",1982
"대전광역시","2007",2128
"대전광역시","2008",2134
"대전광역시","2009",2208
"대전광역시","2010",2218
"대전광역시","2011",2168
"대전광역시","2012",2167
"대전광역시","2013",2159
"대전광역시","2014",2086
"대전광역시","2015",2210
"대전광역시","2016",2235
"대전광역시","2017",2224
"대전광역시","2018",2223
"대전광역시","2019",2201
"대전광역시","2020",2198
"대전광역시","2021",2237
"대전광역시","2022",2294
"대전광역시","2023",2312
"울산광역시","2003",2257
"울산광역시","2004",2317
"울산광역시","2005",2316
"울산광역시","2006",2416
"울산광역시","2007",2346
"울산광역시","2008",2495
"울산광역시","2009",2649
"울산광역시","2010",2632
"울산광역시","2011",2600
"울산광역시","2012",2535
"울산광역시","2013",2303
"울산광역시","2014",2351
"울산광역시","2015",2479
"울산광역시","2016",2542
"울산광역시","2017",2566
"울산광역시","2018",2586
"울산광역시","2019",2540
"울산광역시","2020",2503
"울산광역시","2021",2461
"울산광역시","2022",2584
"울산광역시","2023",2616
"세종특별자치시","2012",90
"세종특별자치시","2013",108
"세종특별자치시","2014",101
"세종특별자치시","2015",169
"세종특별자치시","2016",257
"세종특별자치시","2017",357
"세종특별자치시","2018",499
"세종특별자치시","2019",607
"세종특별자치시","2020",689
"세종특별자치시","2021",800
"세종특별자치시","2022",920
"세종특별자치시","2023",1029
"경기도","2003",13837
"경기도","2004",13806
"경기도","2005",14569
"경기도","2006",15529
"경기도","2007",15591
"경기도","2008",16566
"경기도","2009",17613
"경기도","2010",18146
"경기도","2011",18674
"경기도","2012",18530
"경기도","2013",18134
"경기도","2014",18074
"경기도","2015",20106
"경기도","2016",19465
"경기도","2017",20195
"경기도","2018",20781
"경기도","2019",21145
"경기도","2020",21716
"경기도","2021",21688
"경기도","2022",23222
"경기도","2023",24422
"강원특별자치도","2003",2146
"강원특별자치도","2004",2012
"강원특별자치도","2005",2139
"강원특별자치도","2006",2210
"강원특별자치도","2007",2315
"강원특별자치도","2008",2322
"강원특별자치도","2009",2393
"강원특별자치도","2010",2456
"강원특별자치도","2011",2474
"강원특별자치도","2012",2335
"강원특별자치도","2013",2326
"강원특별자치도","2014",2253
"강원특별자치도","2015",2185
"강원특별자치도","2016",2187
"강원특별자치도","2017",2223
"강원특별자치도","2018",2200
"강원특별자치도","2019",2182
"강원특별자치도","2020",2179
"강원특별자치도","2021",2188
"강원특별자치도","2022",2264
"강원특별자치도","2023",2301
"충청북도","2003",1887
"충청북도","2004",1834
"충청북도","2005",2054
"충청북도","2006",2154
"충청북도","2007",2221
"충청북도","2008",2276
"충청북도","2009",2393
"충청북도","2010",2489
"충청북도","2011",2435
"충청북도","2012",2393
"충청북도","2013",2365
"충청북도","2014",2350
"충청북도","2015",2338
"충청북도","2016",2320
"충청북도","2017",2298
"충청북도","2018",2249
"충청북도","2019",2230
"충청북도","2020",2232
"충청북도","2021",2268
"충청북도","2022",2381
"충청북도","2023",2474
"충청남도","2003",2460
"충청남도","2004",2372
"충청남도","2005",2419
"충청남도","2006",2528
"충청남도","2007",2660
"충청남도","2008",2825
"충청남도","2009",2902
"충청남도","2010",3077
"충청남도","2011",2944
"충청남도","2012",2738
"충청남도","2013",2684
"충청남도","2014",2732
"충청남도","2015",2758
"충청남도","2016",2782
"충청남도","2017",2883
"충청남도","2018",2961
"충청남도","2019",2923
"충청남도","2020",2939
"충청남도","2021",2926
"충청남도","2022",3072
"충청남도","2023",3127
"전북특별자치도","2003",2966
"전북특별자치도","2004",3155
"전북특별자치도","2005",3136
"전북특별자치도","2006",3084
"전북특별자치도","2007",3264
"전북특별자치도","2008",3313
"전북특별자치도","2009",3479
"전북특별자치도","2010",3842
"전북특별자치도","2011",3956
"전북특별자치도","2012",4005
"전북특별자치도","2013",3933
"전북특별자치도","2014",3989
"전북특별자치도","2015",3975
"전북특별자치도","2016",4040
"전북특별자치도","2017",3971
"전북특별자치도","2018",3938
"전북특별자치도","2019",3865
"전북특별자치도","2020",3853
"전북특별자치도","2021",3875
"전북특별자치도","2022",3961
"전북특별자치도","2023",3948
"전라남도","2003",2387
"전라남도","2004",2442
"전라남도","2005",2519
"전라남도","2006",2547
"전라남도","2007",2637
"전라남도","2008",2727
"전라남도","2009",2829
"전라남도","2010",2897
"전라남도","2011",2891
"전라남도","2012",2845
"전라남도","2013",2787
"전라남도","2014",2853
"전라남도","2015",2737
"전라남도","2016",2652
"전라남도","2017",2797
"전라남도","2018",2691
"전라남도","2019",2703
"전라남도","2020",2687
"전라남도","2021",2677
"전라남도","2022",2752
"전라남도","2023",2744
"경상북도","2003",2965
"경상북도","2004",2919
"경상북도","2005",3103
"경상북도","2006",3317
"경상북도","2007",3355
"경상북도","2008",3306
"경상북도","2009",3446
"경상북도","2010",3572
"경상북도","2011",3735
"경상북도","2012",3696
"경상북도","2013",3594
"경상북도","2014",3842
"경상북도","2015",3507
"경상북도","2016",3568
"경상북도","2017",3677
"경상북도","2018",3540
"경상북도","2019",3542
"경상북도","2020",3529
"경상북도","2021",3551
"경상북도","2022",3645
"경상북도","2023",3779
"경상남도","2003",5646
"경상남도","2004",4979
"경상남도","2005",5053
"경상남도","2006",5340
"경상남도","2007",5844
"경상남도","2008",6055
"경상남도","2009",6059
"경상남도","2010",6291
"경상남도","2011",5970
"경상남도","2012",5916
"경상남도","2013",5662
"경상남도","2014",5885
"경상남도","2015",5945
"경상남도","2016",5907
"경상남도","2017",6052
"경상남도","2018",5976
"경상남도","2019",5972
"경상남도","2020",5972
"경상남도","2021",5995
"경상남도","2022",6205
"경상남도","2023",6279
"제주특별자치도","2003",760
"제주특별자치도","2004",771
"제주특별자치도","2005",838
"제주특별자치도","2006",898
"제주특별자치도","2007",927
"제주특별자치도","2008",936
"제주특별자치도","2009",935
"제주특별자치도","2010",994
"제주특별자치도","2011",957
"제주특별자치도","2012",980
"제주특별자치도","2013",978
"제주특별자치도","2014",999
"제주특별자치도","2015",1006
"제주특별자치도","2016",996
"제주특별자치도","2017",994
"제주특별자치도","2018",1017
"제주특별자치도","2019",1026
"제주특별자치도","2020",1051
"제주특별자치도","2021",1095
"제주특별자치도","2022",1167
"제주특별자치도","2023",1212
